{
  "multipart": [
    {
      "apply": {
        "model": "minecraft:block/mushroom_stem" #给原版蘑菇块
      },
      "when": {
        "east": true,
        "west": true,
        "south": true,
        "north": true,
        "down": true,
        "up": true
      }
    },
    {
      "apply": {
        "model": "blocksadder/adder1" #模型路径
      },
      "when": {
        "east": false,
        "west": false,
        "south": false,
        "north": false,
        "down": false,
        "up": false
      }
    }
  ]
}