{
    "parent": "item/generated",
    "textures": {
        "layer0": "item/gold_ingot"
    },
	
	"overrides": [
		{"predicate": {"custom_model_data":1}, "model": "item/baitem/adamantine_ingot"},
		{"predicate": {"custom_model_data":2}, "model": "item/baitem/catty_pearl"},
		{"predicate": {"custom_model_data":3}, "model": "item/baitem/darkness_ingot"},
		{"predicate": {"custom_model_data":4}, "model": "item/baitem/glory_ingot"},
		{"predicate": {"custom_model_data":5}, "model": "item/baitem/meteor_ingot"},
		{"predicate": {"custom_model_data":6}, "model": "item/baitem/platinum_ingot"},
		{"predicate": {"custom_model_data":7}, "model": "item/baitem/silver_ingot"},
		{"predicate": {"custom_model_data":8}, "model": "item/baitem/stone_ingot"},
		{"predicate": {"custom_model_data":1}, "model": "item/baitem/tin_ingot"}
	]
}