{
    "parent": "item/handheld",
    "textures": {
        "layer0": "item/stick"
    },
	
	"overrides": [
		{"predicate": {"custom_model_data":1}, "model": "item/baitem/diamond_stick"},
		{"predicate": {"custom_model_data":2}, "model": "item/baitem/golden_stick"},
		{"predicate": {"custom_model_data":3}, "model": "item/baitem/iron_stick"},
		{"predicate": {"custom_model_data":4}, "model": "item/baitem/netherite_stick"},
		{"predicate": {"custom_model_data":5}, "model": "item/baitem/stone_stick"}
	]
}