{
    "parent": "item/generated",
    "textures": {
        "layer0": "item/sweet_berries"
    },
	
	"overrides": [
		{"predicate": {"custom_model_data":1}, "model": "item/baitem/blueberry"},
		{"predicate": {"custom_model_data":2}, "model": "item/baitem/cherry"},
		{"predicate": {"custom_model_data":3}, "model": "item/baitem/corn"},
		{"predicate": {"custom_model_data":4}, "model": "item/baitem/eggplant"},
		{"predicate": {"custom_model_data":5}, "model": "item/baitem/grape"},
		{"predicate": {"custom_model_data":6}, "model": "item/baitem/kiwi"},
		{"predicate": {"custom_model_data":7}, "model": "item/baitem/red_pepper"},
		{"predicate": {"custom_model_data":8}, "model": "item/baitem/strawberry"},
		{"predicate": {"custom_model_data":9}, "model": "item/baitem/tomato"},
		{"predicate": {"custom_model_data":10}, "model": "item/baitem/turnip"}
	]
}